month,active_customers,team_members,available_hours_per_person_per_month,target_utilization_fraction,manual_minutes_assumption,automated_residual_minutes_assumption,automated_rework_fraction_assumption,rework_additional_minutes_assumption,synthetic_data_label
2024-01-01,8238,9,160,0.8,28.0,5.5,0.1,10.0,SYNTHETIC_FICTITIOUS
2024-02-01,8440,9,160,0.8,29.5,5.5,0.1,10.0,SYNTHETIC_FICTITIOUS
2024-03-01,8631,9,160,0.8,31.0,5.5,0.1,10.0,SYNTHETIC_FICTITIOUS
2024-04-01,8505,9,160,0.8,32.5,5.5,0.1,10.0,SYNTHETIC_FICTITIOUS
2024-05-01,8552,9,160,0.8,28.0,5.5,0.1,10.0,SYNTHETIC_FICTITIOUS
2024-06-01,8447,9,160,0.8,29.5,5.5,0.1,10.0,SYNTHETIC_FICTITIOUS
2024-07-01,8414,9,160,0.8,31.0,5.5,0.1,10.0,SYNTHETIC_FICTITIOUS
2024-08-01,8614,9,160,0.8,32.5,5.5,0.1,10.0,SYNTHETIC_FICTITIOUS
2024-09-01,8843,10,160,0.8,28.0,5.5,0.1,10.0,SYNTHETIC_FICTITIOUS
2024-10-01,9067,10,160,0.8,29.5,5.5,0.1,10.0,SYNTHETIC_FICTITIOUS
2024-11-01,9195,10,160,0.8,31.0,5.5,0.1,10.0,SYNTHETIC_FICTITIOUS
2024-12-01,9143,10,160,0.8,32.5,5.5,0.1,10.0,SYNTHETIC_FICTITIOUS
2025-01-01,9014,10,160,0.8,28.0,5.5,0.1,10.0,SYNTHETIC_FICTITIOUS
2025-02-01,9071,10,160,0.8,29.5,5.5,0.1,10.0,SYNTHETIC_FICTITIOUS
2025-03-01,9112,10,160,0.8,31.0,5.5,0.1,10.0,SYNTHETIC_FICTITIOUS
2025-04-01,9321,10,160,0.8,32.5,5.5,0.1,10.0,SYNTHETIC_FICTITIOUS
2025-05-01,9582,11,160,0.8,28.0,5.5,0.1,10.0,SYNTHETIC_FICTITIOUS
2025-06-01,9722,11,160,0.8,29.5,5.5,0.1,10.0,SYNTHETIC_FICTITIOUS
2025-07-01,9814,11,160,0.8,31.0,5.5,0.1,10.0,SYNTHETIC_FICTITIOUS
2025-08-01,9782,11,160,0.8,32.5,5.5,0.1,10.0,SYNTHETIC_FICTITIOUS
2025-09-01,9709,11,160,0.8,28.0,5.5,0.1,10.0,SYNTHETIC_FICTITIOUS
2025-10-01,9632,11,160,0.8,29.5,5.5,0.1,10.0,SYNTHETIC_FICTITIOUS
2025-11-01,9821,11,160,0.8,31.0,5.5,0.1,10.0,SYNTHETIC_FICTITIOUS
2025-12-01,9927,11,160,0.8,32.5,5.5,0.1,10.0,SYNTHETIC_FICTITIOUS
